id,first_name,last_name,email,gender,ip_address
1,Allistir,Greenstreet,agreenstreet0@constantcontact.com,Male,130.210.18.184
2,Ethelred,Grishukhin,egrishukhin1@google.nl,Male,148.51.184.73
3,Charissa,Filewood,cfilewood2@alexa.com,Female,60.72.117.29
4,Mikaela,Kornyakov,mkornyakov3@earthlink.net,Female,93.43.200.224
5,Susannah,Croft,scroft4@dmoz.org,Female,108.167.122.175
6,Lorin,Keaveney,lkeaveney5@usda.gov,Male,61.106.236.117
7,Trev,Casemore,tcasemore6@php.net,Male,90.107.186.216
8,Gill,McVicker,gmcvicker7@digg.com,Male,78.65.118.165
9,Jecho,Bygrove,jbygrove8@google.es,Male,26.201.125.139
10,Brinna,Gathwaite,bgathwaite9@uol.com.br,Female,4.135.8.97
11,Evered,Marty,emartya@state.tx.us,Male,198.89.169.10
12,Hillary,Pears,hpearsb@blogs.com,Female,98.193.106.157
13,Jaynell,Garric,jgarricc@ustream.tv,Female,56.18.75.151
14,Jourdan,Carnie,jcarnied@flavors.me,Female,144.253.63.130
15,Salome,McArte,smcartee@quantcast.com,Female,143.178.86.207
16,Beryle,Mary,bmaryf@hubpages.com,Female,214.250.173.248
17,Chloris,Knobell,cknobellg@icio.us,Female,79.3.241.19
18,Von,Januszkiewicz,vjanuszkiewiczh@vimeo.com,Male,226.240.10.196
19,Nananne,Stapford,nstapfordi@clickbank.net,Female,2.143.14.215
20,Tamqrah,MacGoun,tmacgounj@hugedomains.com,Female,242.58.112.91
21,Eadmund,Saintsbury,esaintsburyk@opensource.org,Male,116.33.47.39
22,Carleton,Gittis,cgittisl@i2i.jp,Male,14.81.23.76
23,Derry,Strute,dstrutem@cbc.ca,Male,36.106.11.252
24,Boycey,Towle,btowlen@mail.ru,Male,171.225.143.243
25,Cal,McRoberts,cmcrobertso@odnoklassniki.ru,Male,60.223.235.216
26,Adolph,Dunrige,adunrigep@google.co.uk,Male,6.195.3.54
27,Ania,Artois,aartoisq@tinypic.com,Female,209.116.46.231
28,Diandra,Crosswaite,dcrosswaiter@cornell.edu,Female,156.99.177.217
29,Teena,Swainsbury,tswainsburys@flickr.com,Female,246.180.24.123
30,Deane,Gayne,dgaynet@abc.net.au,Male,90.78.58.58
31,Rakel,McIlriach,rmcilriachu@diigo.com,Female,172.16.89.155
32,Analise,Mico,amicov@smh.com.au,Female,2.203.28.42
33,Missie,Tommen,mtommenw@deviantart.com,Female,103.9.115.177
34,Fin,McLuckie,fmcluckiex@mozilla.com,Male,245.74.105.166
35,Elfie,Bramble,ebrambley@eventbrite.com,Female,92.137.80.174
36,Hew,Wiggam,hwiggamz@nasa.gov,Male,90.119.157.54
37,Rosanne,Frowde,rfrowde10@dion.ne.jp,Female,97.3.254.176
38,Trula,Sherlaw,tsherlaw11@imgur.com,Female,117.80.209.242
39,Tamas,Lamort,tlamort12@icq.com,Male,120.198.38.116
40,Fidel,Tirrell,ftirrell13@blogger.com,Male,111.53.8.206
41,Grange,Merle,gmerle14@flickr.com,Male,242.150.234.246
42,Ramonda,Josifovitz,rjosifovitz15@amazonaws.com,Female,234.229.179.100
43,Cassy,Roskelly,croskelly16@hibu.com,Female,50.13.97.128
44,Stephenie,Molineux,smolineux17@auda.org.au,Female,172.66.140.102
45,Barbaraanne,Vickers,bvickers18@furl.net,Female,71.9.28.34
46,Erny,Glastonbury,eglastonbury19@etsy.com,Male,240.162.120.0
47,Feodora,Fieldhouse,ffieldhouse1a@ocn.ne.jp,Female,197.254.73.2
48,Toby,Stanlick,tstanlick1b@joomla.org,Female,10.38.97.189
49,Delainey,Jesse,djesse1c@ted.com,Male,57.112.1.231
50,Keith,Janaud,kjanaud1d@mysql.com,Male,17.194.173.147
51,Nydia,Perrygo,nperrygo1e@ca.gov,Female,35.79.171.93
52,Annemarie,Peacop,apeacop1f@google.cn,Female,191.232.191.162
53,Neille,de Keep,ndekeep1g@redcross.org,Female,181.236.5.75
54,Arron,Stockdale,astockdale1h@reverbnation.com,Male,55.59.85.119
55,Marijo,Bryce,mbryce1i@sun.com,Female,142.242.151.106
56,Errick,Rogge,erogge1j@discuz.net,Male,17.148.163.236
57,Patten,Munford,pmunford1k@marketwatch.com,Male,98.255.51.148
58,Jyoti,Karolowski,jkarolowski1l@virginia.edu,Female,136.239.2.104
59,Julie,Fishbourne,jfishbourne1m@prnewswire.com,Female,195.91.34.218
60,Dannie,Brugsma,dbrugsma1n@adobe.com,Female,242.78.151.106
61,Ailina,Mannakee,amannakee1o@hc360.com,Female,7.254.233.100
62,Maryanna,Bilney,mbilney1p@unesco.org,Female,189.70.3.236
63,Ree,Roseveare,rroseveare1q@mail.ru,Female,108.184.123.111
64,Frederico,Mapowder,fmapowder1r@forbes.com,Male,42.51.157.156
65,Clevie,Brewett,cbrewett1s@mysql.com,Male,79.6.111.101
66,Axe,Pury,apury1t@blogs.com,Male,149.2.12.252
67,Pancho,Bottjer,pbottjer1u@typepad.com,Male,242.159.40.255
68,Pooh,Raynes,praynes1v@blog.com,Male,206.131.223.140
69,Dare,Austing,dausting1w@statcounter.com,Male,25.237.141.106
70,Annette,Gerdts,agerdts1x@cmu.edu,Female,128.108.223.235
71,Stirling,Hamel,shamel1y@netlog.com,Male,123.219.78.142
72,Maire,Turnell,mturnell1z@dyndns.org,Female,125.145.195.181
73,Ruth,Dresser,rdresser20@hc360.com,Female,208.162.217.184
74,Ivar,Codner,icodner21@ezinearticles.com,Male,229.79.209.186
75,Drud,Ladds,dladds22@t.co,Male,91.54.65.196
76,Rachael,Barwell,rbarwell23@opera.com,Female,123.5.156.0
77,David,Ewbank,dewbank24@drupal.org,Male,54.193.188.100
78,Millie,Sharpus,msharpus25@slideshare.net,Female,131.105.29.85
79,Perceval,Rosengren,prosengren26@businesswire.com,Male,174.130.206.118
80,Kerwinn,Merricks,kmerricks27@issuu.com,Male,133.249.199.25
81,Vaughan,Zini,vzini28@opera.com,Male,89.67.95.248
82,Ase,Pick,apick29@amazon.co.uk,Male,49.129.249.33
83,Ashien,MacQuaker,amacquaker2a@cnet.com,Female,98.235.2.190
84,Briana,Thorndycraft,bthorndycraft2b@army.mil,Female,185.127.129.137
85,Trueman,Cassel,tcassel2c@amazon.co.uk,Male,144.142.116.144
86,Marena,Lashley,mlashley2d@yahoo.co.jp,Female,14.116.194.139
87,Torie,Beckley,tbeckley2e@ning.com,Female,251.129.103.25
88,Amalita,Dilke,adilke2f@adobe.com,Female,184.0.79.106
89,Shelby,Klimus,sklimus2g@xing.com,Male,30.252.64.139
90,Nancee,Kennealy,nkennealy2h@reference.com,Female,7.219.17.159
91,Dania,McAughtry,dmcaughtry2i@google.com.hk,Female,146.119.64.128
92,Prentiss,Cliffe,pcliffe2j@google.pl,Male,201.255.136.217
93,Rici,Pawelczyk,rpawelczyk2k@alibaba.com,Female,86.91.129.126
94,Harcourt,Gabbotts,hgabbotts2l@usgs.gov,Male,131.63.188.70
95,Amory,Clawley,aclawley2m@t.co,Male,230.72.165.211
96,Valerie,Bragge,vbragge2n@salon.com,Female,160.142.21.244
97,Richard,Keely,rkeely2o@hibu.com,Male,136.31.25.146
98,Charlean,Surman,csurman2p@nytimes.com,Female,111.43.136.161
99,Moritz,Exelby,mexelby2q@utexas.edu,Male,192.140.133.88
100,Claiborn,Jendrusch,cjendrusch2r@thetimes.co.uk,Male,150.95.134.126
101,Benita,Middlemist,bmiddlemist2s@bloglines.com,Female,163.166.43.201
102,Ancell,Banat,abanat2t@privacy.gov.au,Male,21.44.106.237
103,Zora,Screech,zscreech2u@exblog.jp,Female,72.241.87.113
104,Antin,Inglis,ainglis2v@twitpic.com,Male,133.57.197.39
105,Carter,Dobble,cdobble2w@miitbeian.gov.cn,Male,154.84.125.34
106,Ilka,Tremollet,itremollet2x@is.gd,Female,145.169.178.222
107,Chandler,Velden,cvelden2y@hp.com,Male,193.139.186.105
108,Aloysia,Lewknor,alewknor2z@sohu.com,Female,102.234.5.27
109,Shandie,De Lisle,sdelisle30@miitbeian.gov.cn,Female,17.73.58.24
110,Babbie,Purchon,bpurchon31@soundcloud.com,Female,136.147.105.110
111,Dorise,Rzehor,drzehor32@about.me,Female,230.250.102.213
112,Persis,Casillas,pcasillas33@berkeley.edu,Female,91.193.117.113
113,Allyn,Attwool,aattwool34@squidoo.com,Male,239.130.13.204
114,Katherine,Loache,kloache35@illinois.edu,Female,139.149.12.128
115,Talya,Malek,tmalek36@flavors.me,Female,138.243.220.73
116,Selle,Keeltagh,skeeltagh37@xing.com,Female,100.172.9.110
117,Andre,Nicholes,anicholes38@rediff.com,Male,77.91.47.84
118,Nanice,Ponton,nponton39@linkedin.com,Female,169.2.255.46
119,Brandtr,Devenport,bdevenport3a@gov.uk,Male,80.111.194.13
120,Dyanne,Pencott,dpencott3b@hubpages.com,Female,254.189.183.66
121,Andy,Margrett,amargrett3c@spotify.com,Female,142.185.65.75
122,Vivia,Hannaford,vhannaford3d@topsy.com,Female,201.55.13.218
123,Artemus,Phizakarley,aphizakarley3e@loc.gov,Male,144.99.177.141
124,Brietta,Bockings,bbockings3f@meetup.com,Female,227.137.230.91
125,Chrissie,Okeshott,cokeshott3g@surveymonkey.com,Female,60.212.190.63
126,Cello,McGirl,cmcgirl3h@mashable.com,Male,143.254.29.93
127,Codi,Titterton,ctitterton3i@example.com,Female,73.92.176.229
128,Renaldo,Eglin,reglin3j@linkedin.com,Male,218.229.16.10
129,Micky,Guilloneau,mguilloneau3k@businesswire.com,Male,207.168.105.236
130,Heriberto,Guswell,hguswell3l@hp.com,Male,167.217.149.208
131,Quincey,Lortzing,qlortzing3m@blog.com,Male,4.91.128.249
132,Jemmie,Issacof,jissacof3n@blogspot.com,Female,189.161.55.117
133,Corella,Mapis,cmapis3o@feedburner.com,Female,165.7.80.84
134,Lannie,Rycroft,lrycroft3p@bandcamp.com,Male,142.27.50.233
135,Willis,Northey,wnorthey3q@aol.com,Male,145.93.142.209
136,Deck,Hele,dhele3r@java.com,Male,193.15.176.197
137,Mariam,Mateo,mmateo3s@cornell.edu,Female,121.113.197.22
138,Lorain,McCleverty,lmccleverty3t@wisc.edu,Female,172.4.41.249
139,Michael,Welsby,mwelsby3u@ocn.ne.jp,Male,224.56.170.91
140,Hunt,Toller,htoller3v@multiply.com,Male,246.248.0.190
141,Stacee,Crookshank,scrookshank3w@a8.net,Female,113.127.236.9
142,Emmanuel,Liggens,eliggens3x@dedecms.com,Male,171.144.71.196
143,Klaus,Corcoran,kcorcoran3y@hugedomains.com,Male,89.133.33.114
144,Rochette,Neeves,rneeves3z@myspace.com,Female,155.179.152.44
145,Nyssa,Algate,nalgate40@ted.com,Female,31.219.142.244
146,Tiffie,Ings,tings41@lycos.com,Female,4.130.32.78
147,Goldi,Ballintime,gballintime42@aboutads.info,Female,230.74.31.175
148,Sorcha,Chellam,schellam43@ft.com,Female,209.232.12.228
149,Jesus,Meddemmen,jmeddemmen44@virginia.edu,Male,28.217.126.19
150,Marchelle,Demare,mdemare45@mtv.com,Female,89.52.133.253
151,Boris,Janzen,bjanzen46@nsw.gov.au,Male,177.205.23.4
152,Haily,Cleaver,hcleaver47@naver.com,Male,144.55.136.123
153,Orlando,Colquite,ocolquite48@loc.gov,Male,6.68.115.200
154,Mick,Siberry,msiberry49@nature.com,Male,242.50.201.172
155,Elsbeth,Asif,easif4a@chron.com,Female,38.155.174.14
156,Hersh,Hardwin,hhardwin4b@aol.com,Male,71.101.219.221
157,Luce,Koeppe,lkoeppe4c@furl.net,Female,89.162.31.233
158,Humbert,Cardello,hcardello4d@pen.io,Male,189.193.75.151
159,Kippar,Canero,kcanero4e@tuttocitta.it,Male,33.14.49.124
160,Carmella,Helm,chelm4f@archive.org,Female,255.183.136.53
161,Kata,Richings,krichings4g@ucsd.edu,Female,196.13.73.42
162,Mathilde,Goodwill,mgoodwill4h@webeden.co.uk,Female,162.95.22.153
163,Roarke,Parkins,rparkins4i@theguardian.com,Male,102.138.173.157
164,Eimile,Sampson,esampson4j@yahoo.com,Female,89.21.141.158
165,Hatty,Heeran,hheeran4k@nydailynews.com,Female,243.65.109.198
166,Celeste,Balden,cbalden4l@hexun.com,Female,143.103.72.111
167,Harvey,Marlor,hmarlor4m@ycombinator.com,Male,167.159.62.232
168,Malissia,Ackland,mackland4n@oracle.com,Female,210.186.21.7
169,Ralf,Asker,rasker4o@wikimedia.org,Male,11.70.128.139
170,Conchita,Orgill,corgill4p@earthlink.net,Female,202.141.152.38
171,Tabor,MacCroary,tmaccroary4q@usatoday.com,Male,216.162.37.243
172,Aharon,Covey,acovey4r@godaddy.com,Male,253.87.148.36
173,Madelle,Woodcock,mwoodcock4s@symantec.com,Female,54.243.239.198
174,Susanetta,Giorio,sgiorio4t@cpanel.net,Female,16.208.192.114
175,Eunice,Lipyeat,elipyeat4u@si.edu,Female,182.19.110.46
176,Rochella,Kincaid,rkincaid4v@theglobeandmail.com,Female,206.70.195.143
177,Margret,Rotge,mrotge4w@census.gov,Female,213.35.26.145
178,Audy,Meriet,ameriet4x@hibu.com,Female,234.228.252.153
179,Dniren,Pergens,dpergens4y@msu.edu,Female,110.149.108.115
180,Maighdiln,Mainson,mmainson4z@wikimedia.org,Female,142.116.245.203
181,Lind,Crother,lcrother50@washington.edu,Male,46.233.225.137
182,Bertie,Cumberland,bcumberland51@aboutads.info,Female,162.112.102.221
183,Andi,Middup,amiddup52@gmpg.org,Female,6.220.182.22
184,Jerrylee,Trethewey,jtrethewey53@biglobe.ne.jp,Female,253.187.14.198
185,Quintus,Kitchingman,qkitchingman54@fastcompany.com,Male,162.249.207.138
186,Mauricio,Sherburn,msherburn55@google.com,Male,124.83.196.63
187,Terry,Tunnoch,ttunnoch56@vistaprint.com,Male,125.27.231.207
188,Libbi,Whitfeld,lwhitfeld57@merriam-webster.com,Female,119.21.51.183
189,Shaun,Jenckes,sjenckes58@is.gd,Female,129.112.203.54
190,Ty,Martlew,tmartlew59@dagondesign.com,Male,132.214.30.174
191,Dave,Gilkison,dgilkison5a@lycos.com,Male,140.152.229.6
192,Norene,Machel,nmachel5b@cdbaby.com,Female,75.1.196.59
193,Wyatt,McElmurray,wmcelmurray5c@unblog.fr,Male,234.212.69.236
194,Humphrey,Ormond,hormond5d@wp.com,Male,149.2.26.245
195,Tanya,Weller,tweller5e@sohu.com,Female,248.92.39.193
196,Samuel,Nevin,snevin5f@jiathis.com,Male,175.180.187.9
197,Mariana,Hargess,mhargess5g@csmonitor.com,Female,42.244.65.226
198,Asa,Snadden,asnadden5h@networkadvertising.org,Male,78.176.138.89
199,Fergus,McNae,fmcnae5i@usatoday.com,Male,119.13.86.28
200,Minnnie,Rudland,mrudland5j@cam.ac.uk,Female,143.104.84.172
201,Ula,Penhaligon,upenhaligon5k@yahoo.com,Female,220.142.11.34
202,Joy,Jobbings,jjobbings5l@examiner.com,Female,43.34.162.199
203,Frederique,Phripp,fphripp5m@answers.com,Female,137.174.152.42
204,Arliene,Peidro,apeidro5n@yahoo.co.jp,Female,25.236.249.178
205,Marillin,Guillou,mguillou5o@youku.com,Female,148.121.188.91
206,Tiena,Fettes,tfettes5p@cbsnews.com,Female,239.181.189.226
207,Idalina,Molesworth,imolesworth5q@ifeng.com,Female,93.28.248.202
208,Erl,Hebbs,ehebbs5r@csmonitor.com,Male,53.199.231.203
209,Marcello,Barden,mbarden5s@angelfire.com,Male,21.188.198.27
210,Antonina,Fidock,afidock5t@list-manage.com,Female,91.52.225.239
211,Ameline,Fairebrother,afairebrother5u@bigcartel.com,Female,40.214.5.56
212,Sascha,Males,smales5v@earthlink.net,Male,167.156.11.129
213,Olvan,Shorto,oshorto5w@vistaprint.com,Male,200.161.120.90
214,Lulu,Soutter,lsoutter5x@telegraph.co.uk,Female,70.233.211.195
215,Lind,Trase,ltrase5y@diigo.com,Female,72.184.89.15
216,Joanne,Hughson,jhughson5z@state.gov,Female,46.178.246.61
217,Rory,Sakins,rsakins60@storify.com,Male,195.189.243.57
218,Timi,Soeiro,tsoeiro61@java.com,Female,135.141.168.160
219,Paule,Forrest,pforrest62@theglobeandmail.com,Female,154.66.87.86
220,Giorgia,Filby,gfilby63@google.nl,Female,236.136.157.88
221,Wheeler,Balleine,wballeine64@plala.or.jp,Male,48.177.156.225
222,Jed,Charter,jcharter65@nbcnews.com,Male,239.193.57.137
223,Luigi,Georgiades,lgeorgiades66@netvibes.com,Male,82.188.203.127
224,Reyna,Winsome,rwinsome67@paginegialle.it,Female,177.46.154.10
225,Eirena,Van Bruggen,evanbruggen68@wp.com,Female,216.113.151.42
226,Jules,Mullin,jmullin69@narod.ru,Male,211.244.38.35
227,Grethel,Haglington,ghaglington6a@sfgate.com,Female,220.20.106.207
228,Barnabas,Calfe,bcalfe6b@earthlink.net,Male,78.135.20.111
229,Lorette,Gair,lgair6c@springer.com,Female,220.186.243.13
230,Kathi,Marcroft,kmarcroft6d@amazon.de,Female,228.191.145.28
231,Sean,Fretwell,sfretwell6e@devhub.com,Female,101.195.21.207
232,Marsha,Wilcocks,mwilcocks6f@biglobe.ne.jp,Female,224.131.242.83
233,Julienne,Cotterel,jcotterel6g@ehow.com,Female,92.230.252.45
234,Mary,Lidstone,mlidstone6h@free.fr,Female,148.21.243.7
235,Billie,Eyton,beyton6i@hud.gov,Female,82.238.244.169
236,Elly,McGilleghole,emcgilleghole6j@twitter.com,Female,133.173.20.246
237,Dewitt,Asmus,dasmus6k@trellian.com,Male,108.166.76.172
238,Agneta,Hanks,ahanks6l@uol.com.br,Female,137.148.232.248
239,Roby,Whalley,rwhalley6m@princeton.edu,Female,184.29.186.26
240,Nestor,McCathy,nmccathy6n@rediff.com,Male,146.46.30.29
241,Lane,Tunnow,ltunnow6o@ezinearticles.com,Male,29.122.241.192
242,Tara,Lawrenceson,tlawrenceson6p@globo.com,Female,159.229.185.134
243,Temple,Wraggs,twraggs6q@blogger.com,Male,234.5.128.197
244,Stanislaus,Obert,sobert6r@mtv.com,Male,236.3.189.63
245,Stephen,Maides,smaides6s@xing.com,Male,49.59.69.0
246,Arel,Fearnsides,afearnsides6t@goo.ne.jp,Male,210.172.190.18
247,Hillier,Mallinson,hmallinson6u@chron.com,Male,213.71.190.193
248,Kathleen,Laurand,klaurand6v@aboutads.info,Female,33.43.202.225
249,Casar,Bracey,cbracey6w@bandcamp.com,Male,193.32.26.135
250,Ruthie,Balding,rbalding6x@cnbc.com,Female,137.18.167.222
251,James,Hatherley,jhatherley6y@theguardian.com,Male,53.24.217.20
252,Alli,Brushfield,abrushfield6z@nytimes.com,Female,224.100.243.241
253,Sascha,Corey,scorey70@scribd.com,Male,198.138.128.181
254,Pavla,Lomb,plomb71@businessweek.com,Female,171.227.236.129
255,Jordana,Tedder,jtedder72@usgs.gov,Female,133.22.65.17
256,Lucius,Markel,lmarkel73@about.com,Male,119.81.46.32
257,Leticia,Baverstock,lbaverstock74@yelp.com,Female,8.128.124.176
258,Gilberta,Gerbl,ggerbl75@histats.com,Female,80.229.28.229
259,Ewan,O'Kane,eokane76@sakura.ne.jp,Male,216.69.145.232
260,Trefor,Mosconi,tmosconi77@github.io,Male,196.192.88.52
261,Stanford,Kemmis,skemmis78@networkadvertising.org,Male,154.49.254.249
262,Marlo,Jobern,mjobern79@4shared.com,Female,240.60.45.240
263,Sibby,Blanchette,sblanchette7a@cornell.edu,Female,93.30.136.44
264,Konstance,Slate,kslate7b@cam.ac.uk,Female,218.158.187.232
265,Lenna,Carbine,lcarbine7c@wunderground.com,Female,253.163.251.107
266,Matt,Crowdace,mcrowdace7d@psu.edu,Male,45.39.181.225
267,Thedric,Menzies,tmenzies7e@sciencedirect.com,Male,153.112.162.253
268,Scotty,Cowmeadow,scowmeadow7f@sogou.com,Male,208.133.172.44
269,Moses,Wickendon,mwickendon7g@jugem.jp,Male,23.83.33.96
270,Jimmy,McCallum,jmccallum7h@phoca.cz,Male,86.139.19.54
271,Page,Dodsley,pdodsley7i@blogtalkradio.com,Male,129.132.195.154
272,Guido,Popeley,gpopeley7j@guardian.co.uk,Male,37.115.156.17
273,Ronnie,Safhill,rsafhill7k@quantcast.com,Male,227.155.187.85
274,Lou,Phethean,lphethean7l@howstuffworks.com,Female,74.71.36.34
275,Maighdiln,Bessell,mbessell7m@si.edu,Female,117.162.50.204
276,Estrella,Truman,etruman7n@wikipedia.org,Female,94.142.254.27
277,Kristina,Farens,kfarens7o@wikipedia.org,Female,218.60.95.6
278,Mead,Phoebe,mphoebe7p@com.com,Female,11.223.121.68
279,Tiphani,Pellington,tpellington7q@parallels.com,Female,181.237.148.237
280,Trescha,Smogur,tsmogur7r@addtoany.com,Female,151.223.0.174
281,Lida,Lysaght,llysaght7s@typepad.com,Female,183.186.91.191
282,Basilio,Dusey,bdusey7t@tmall.com,Male,79.197.58.228
283,Sella,Plant,splant7u@npr.org,Female,64.45.185.183
284,Raphael,Callaby,rcallaby7v@myspace.com,Male,199.197.73.118
285,Nichol,Benns,nbenns7w@bravesites.com,Female,131.189.176.251
286,Klara,Childe,kchilde7x@cpanel.net,Female,166.129.118.188
287,Stephanus,Penn,spenn7y@gravatar.com,Male,59.172.66.211
288,Antonella,Mogford,amogford7z@stumbleupon.com,Female,98.5.75.119
289,Lorrie,McGilvra,lmcgilvra80@soup.io,Male,62.104.70.231
290,Tracy,Beaston,tbeaston81@mashable.com,Female,232.22.12.218
291,Bradly,Northin,bnorthin82@bloglovin.com,Male,230.191.144.121
292,Adela,Segeswoeth,asegeswoeth83@hugedomains.com,Female,204.200.244.78
293,Hiram,Mariel,hmariel84@free.fr,Male,118.83.34.133
294,Bartholemy,Lalevee,blalevee85@scribd.com,Male,133.47.242.77
295,Florenza,Simpkins,fsimpkins86@fastcompany.com,Female,132.156.58.142
296,Aldwin,Stepto,astepto87@ovh.net,Male,154.84.60.104
297,Corrine,Bedford,cbedford88@tmall.com,Female,8.202.202.0
298,Veronika,Eakin,veakin89@prnewswire.com,Female,31.234.194.187
299,Benedikta,Crinidge,bcrinidge8a@dmoz.org,Female,37.132.206.203
300,Tasha,Scurrah,tscurrah8b@nasa.gov,Female,247.5.153.250
301,Brandie,Elders,belders8c@hubpages.com,Female,179.66.84.17
302,Alva,Thibodeaux,athibodeaux8d@php.net,Male,93.35.94.51
303,Ronalda,Towne,rtowne8e@utexas.edu,Female,93.100.31.139
304,Gibb,Parsonson,gparsonson8f@howstuffworks.com,Male,219.47.142.38
305,Maddy,Kelleway,mkelleway8g@wordpress.com,Female,212.128.141.27
306,Tyler,Kiss,tkiss8h@wiley.com,Male,96.78.149.229
307,Aryn,Tarbatt,atarbatt8i@yahoo.co.jp,Female,250.30.73.79
308,Mariya,Becerro,mbecerro8j@google.nl,Female,161.92.91.202
309,Merwyn,Vain,mvain8k@dell.com,Male,75.235.80.247
310,Laurent,Andriulis,landriulis8l@moonfruit.com,Male,55.27.181.108
311,Madalyn,Vasyagin,mvasyagin8m@wikispaces.com,Female,67.13.70.52
312,Federico,Risley,frisley8n@msn.com,Male,85.239.213.184
313,Lolita,Kinnerk,lkinnerk8o@hibu.com,Female,124.189.178.174
314,Guntar,Benaine,gbenaine8p@cbslocal.com,Male,200.97.7.170
315,Goldina,Pettus,gpettus8q@surveymonkey.com,Female,219.105.124.152
316,Joan,Garbert,jgarbert8r@hhs.gov,Female,26.183.190.206
317,Vernor,Wignall,vwignall8s@cdc.gov,Male,137.75.92.236
318,Evelyn,Gibbins,egibbins8t@issuu.com,Male,59.8.158.197
319,Milli,Greathead,mgreathead8u@indiegogo.com,Female,178.39.94.90
320,Myrle,Nowak,mnowak8v@vkontakte.ru,Female,5.169.169.116
321,Kellia,Leele,kleele8w@webmd.com,Female,58.168.122.161
322,Adele,Austwick,aaustwick8x@tuttocitta.it,Female,60.209.79.209
323,Chicky,Grigson,cgrigson8y@nydailynews.com,Male,98.71.76.213
324,Arline,Borrel,aborrel8z@t-online.de,Female,46.109.10.211
325,Camila,Von Gladbach,cvongladbach90@slate.com,Female,214.16.205.221
326,Ophelie,MacWhirter,omacwhirter91@amazonaws.com,Female,26.53.13.25
327,Arty,Gowlett,agowlett92@webeden.co.uk,Male,192.69.216.253
328,Normand,Bardill,nbardill93@merriam-webster.com,Male,181.152.232.216
329,Daria,Klasing,dklasing94@mac.com,Female,191.241.41.192
330,Finlay,Cresser,fcresser95@google.it,Male,44.186.153.175
331,Kameko,Strood,kstrood96@buzzfeed.com,Female,17.48.211.131
332,Wilma,Leyes,wleyes97@360.cn,Female,67.18.168.208
333,Nomi,Spaven,nspaven98@hud.gov,Female,107.142.103.223
334,Peta,Dreghorn,pdreghorn99@dell.com,Female,70.173.120.146
335,Vida,Alforde,valforde9a@hp.com,Female,66.116.35.93
336,Pepito,Napleton,pnapleton9b@ocn.ne.jp,Male,253.48.55.220
337,Kyla,Burgh,kburgh9c@godaddy.com,Female,46.97.53.137
338,Leshia,Tenney,ltenney9d@engadget.com,Female,225.232.46.80
339,Dierdre,Lapidus,dlapidus9e@woothemes.com,Female,236.133.6.48
340,Kendricks,Scarlan,kscarlan9f@sphinn.com,Male,192.209.236.142
341,Alanah,Radeliffe,aradeliffe9g@smh.com.au,Female,254.184.145.24
342,Prentice,Sagerson,psagerson9h@usatoday.com,Male,252.102.234.202
343,Gualterio,Hise,ghise9i@opera.com,Male,207.93.122.75
344,Celie,Drinkall,cdrinkall9j@joomla.org,Female,209.181.211.148
345,Dana,McCaughan,dmccaughan9k@sakura.ne.jp,Male,91.237.51.62
346,Gawain,Shrieve,gshrieve9l@utexas.edu,Male,131.183.5.228
347,Mel,Stark,mstark9m@zimbio.com,Male,248.83.231.137
348,Somerset,Rawlingson,srawlingson9n@wordpress.com,Male,145.144.249.95
349,Tobe,Woodyear,twoodyear9o@xinhuanet.com,Male,68.60.121.13
350,Ryon,Treverton,rtreverton9p@cisco.com,Male,202.70.83.234
351,Fulton,Griffin,fgriffin9q@mail.ru,Male,193.205.112.4
352,Stanly,Dunk,sdunk9r@example.com,Male,82.141.204.153
353,Christi,Marval,cmarval9s@bizjournals.com,Female,170.93.89.35
354,Keane,Vamplew,kvamplew9t@eventbrite.com,Male,29.103.122.26
355,Franky,Nelane,fnelane9u@mlb.com,Female,117.8.162.209
356,Sheelah,Trinbey,strinbey9v@fotki.com,Female,160.111.220.202
357,Jeremias,Fitchew,jfitchew9w@netscape.com,Male,35.30.243.40
358,Constantin,Corrison,ccorrison9x@sitemeter.com,Male,111.23.98.181
359,Mathilda,Deakin,mdeakin9y@apache.org,Female,46.174.174.120
360,Hendrick,Kolakovic,hkolakovic9z@edublogs.org,Male,40.205.179.180
361,Sigismond,Eltune,seltunea0@opera.com,Male,54.110.60.200
362,Edan,Grimm,egrimma1@abc.net.au,Male,78.250.81.166
363,Rudy,Narrie,rnarriea2@wunderground.com,Male,65.2.202.118
364,Junette,Jindrich,jjindricha3@slate.com,Female,19.1.254.154
365,Shayne,Legge,sleggea4@paginegialle.it,Male,28.205.204.33
366,Royce,Amy,ramya5@cdbaby.com,Male,10.189.253.34
367,Cointon,Bodker,cbodkera6@clickbank.net,Male,40.136.63.29
368,Bridget,Somerton,bsomertona7@360.cn,Female,248.198.34.186
369,Anatollo,Tole,atolea8@fema.gov,Male,70.103.158.248
370,Robin,Siflet,rsifleta9@naver.com,Female,250.177.87.90
371,Helenka,Boggas,hboggasaa@wordpress.com,Female,10.148.170.253
372,Sarine,Van den Oord,svandenoordab@networksolutions.com,Female,41.19.162.204
373,Clemens,Jirasek,cjirasekac@ox.ac.uk,Male,99.141.128.169
374,Amery,Di Filippo,adifilippoad@alibaba.com,Male,117.92.219.54
375,Midge,Schulz,mschulzae@boston.com,Female,171.6.103.211
376,Harlin,Beagley,hbeagleyaf@blogs.com,Male,178.26.139.20
377,Rick,Garrat,rgarratag@home.pl,Male,189.0.154.154
378,Cyb,Retchless,cretchlessah@timesonline.co.uk,Female,74.208.214.250
379,Caroline,Rospars,crosparsai@51.la,Female,11.251.11.52
380,Tawnya,Coulthard,tcoulthardaj@github.com,Female,90.157.123.202
381,Camey,Maylour,cmaylourak@dedecms.com,Male,186.155.8.130
382,Vera,Beidebeke,vbeidebekeal@acquirethisname.com,Female,193.88.4.248
383,Betta,Sandells,bsandellsam@cdc.gov,Female,181.88.40.94
384,Chester,McCuish,cmccuishan@cnbc.com,Male,201.129.123.107
385,Sibylla,Kubala,skubalaao@posterous.com,Female,139.227.128.246
386,Andy,Roache,aroacheap@smugmug.com,Male,232.65.253.235
387,Vin,Lindenberg,vlindenbergaq@sfgate.com,Female,166.220.137.41
388,Janifer,McGoon,jmcgoonar@lycos.com,Female,51.201.71.9
389,Fransisco,Pietri,fpietrias@is.gd,Male,42.37.200.82
390,Dewie,Davidavidovics,ddavidavidovicsat@jimdo.com,Male,184.186.244.100
391,Shirlee,Swannell,sswannellau@adobe.com,Female,180.186.168.44
392,Stirling,Reason,sreasonav@miibeian.gov.cn,Male,232.32.187.192
393,Shae,Lorraine,slorraineaw@vinaora.com,Male,148.129.36.17
394,Irene,Stolz,istolzax@sina.com.cn,Female,117.237.123.127
395,Stephanie,Dilawey,sdilaweyay@sourceforge.net,Female,196.56.135.80
396,Jobey,De Ruel,jderuelaz@flickr.com,Female,32.130.120.20
397,Piotr,McAllen,pmcallenb0@ucoz.com,Male,229.33.113.70
398,Vera,Waplinton,vwaplintonb1@sina.com.cn,Female,9.39.175.2
399,Marcela,Tummond,mtummondb2@china.com.cn,Female,189.2.114.213
400,Alika,Cleeve,acleeveb3@angelfire.com,Female,168.251.168.162
401,Neale,Hollingshead,nhollingsheadb4@senate.gov,Male,252.231.79.216
402,Haven,Mylechreest,hmylechreestb5@google.fr,Male,48.107.45.119
403,Stafani,Mabson,smabsonb6@t.co,Female,83.128.170.136
404,Roz,Shelly,rshellyb7@macromedia.com,Female,197.19.74.204
405,Constancia,Carmo,ccarmob8@joomla.org,Female,10.68.183.236
406,Amitie,Burness,aburnessb9@sun.com,Female,16.155.3.154
407,Braden,Bairstow,bbairstowba@istockphoto.com,Male,37.122.115.102
408,Dom,Duckinfield,dduckinfieldbb@cmu.edu,Male,26.227.212.85
409,Marlene,Sadd,msaddbc@sphinn.com,Female,79.60.194.167
410,Garek,Rousel,grouselbd@elpais.com,Male,218.133.18.158
411,Kordula,Dawtry,kdawtrybe@1und1.de,Female,61.43.31.99
412,Berty,Churchward,bchurchwardbf@comsenz.com,Female,247.84.53.61
413,Dag,Pessold,dpessoldbg@mapquest.com,Male,52.56.66.177
414,Padget,McCard,pmccardbh@ifeng.com,Male,38.157.219.251
415,Nettie,Kroll,nkrollbi@cbc.ca,Female,181.182.252.122
416,Cyrillus,Conyers,cconyersbj@apache.org,Male,33.101.227.193
417,Shay,Clandillon,sclandillonbk@163.com,Female,72.154.91.100
418,Rina,Jamme,rjammebl@toplist.cz,Female,153.81.126.98
419,Padraic,Duffan,pduffanbm@feedburner.com,Male,254.127.156.119
420,Donavon,Labb,dlabbbn@huffingtonpost.com,Male,21.209.180.184
421,Booth,Howes,bhowesbo@java.com,Male,230.215.207.198
422,Raymond,Ccomini,rccominibp@zdnet.com,Male,96.174.18.167
423,Gerardo,Klimentyev,gklimentyevbq@theguardian.com,Male,105.128.207.188
424,Maggee,Oakeshott,moakeshottbr@icio.us,Female,85.96.104.104
425,Kippy,Pittem,kpittembs@jimdo.com,Female,215.141.119.125
426,Sanson,Smedmore,ssmedmorebt@yellowpages.com,Male,110.235.238.59
427,Brock,Caccavella,bcaccavellabu@51.la,Male,20.83.178.186
428,Chevalier,Redwin,credwinbv@is.gd,Male,104.122.224.205
429,Skippy,Marks,smarksbw@umich.edu,Male,38.210.235.206
430,Bevon,McCloud,bmccloudbx@deliciousdays.com,Male,81.6.229.31
431,Nerte,Bradick,nbradickby@mtv.com,Female,80.227.186.152
432,Zebulen,Greenman,zgreenmanbz@ebay.com,Male,56.151.186.4
433,Therine,Weeden,tweedenc0@drupal.org,Female,182.143.18.7
434,Natalie,Gurton,ngurtonc1@nationalgeographic.com,Female,108.58.12.165
435,Roxana,Nary,rnaryc2@imgur.com,Female,160.168.213.129
436,Mortie,Navan,mnavanc3@exblog.jp,Male,149.75.40.109
437,Adrea,Keford,akefordc4@netvibes.com,Female,164.149.128.93
438,Marna,Longforth,mlongforthc5@usnews.com,Female,91.246.227.23
439,Marissa,Filliskirk,mfilliskirkc6@goo.ne.jp,Female,160.238.205.11
440,Grace,Butland,gbutlandc7@over-blog.com,Female,79.33.103.199
441,Cindee,Cockarill,ccockarillc8@php.net,Female,3.243.140.0
442,Sully,Duiged,sduigedc9@dedecms.com,Male,184.139.161.63
443,Alexandre,Chinnick,achinnickca@lycos.com,Male,181.6.184.70
444,Lorri,Spurritt,lspurrittcb@delicious.com,Female,219.59.45.234
445,Willetta,Honniebal,whonniebalcc@ebay.co.uk,Female,9.170.165.102
446,Dukey,Tribbeck,dtribbeckcd@wunderground.com,Male,170.131.204.94
447,Welby,McNeill,wmcneillce@mozilla.com,Male,45.17.68.124
448,Adair,Gussie,agussiecf@prlog.org,Male,224.80.40.42
449,Stephan,Cameli,scamelicg@patch.com,Male,33.158.138.247
450,Sibley,Doley,sdoleych@webs.com,Female,238.179.17.84
451,Sibylla,Conigsby,sconigsbyci@discovery.com,Female,39.173.165.126
452,Jordana,Reeken,jreekencj@dailymail.co.uk,Female,51.3.16.166
453,Donnajean,Nairy,dnairyck@lycos.com,Female,165.81.5.29
454,Pris,Feechum,pfeechumcl@purevolume.com,Female,171.186.122.139
455,Evangelina,Nassy,enassycm@networksolutions.com,Female,182.28.137.121
456,Malvina,Tezure,mtezurecn@cdc.gov,Female,12.160.72.126
457,Kirby,Gosnell,kgosnellco@examiner.com,Male,97.156.87.59
458,Jory,Dencs,jdencscp@ifeng.com,Male,192.36.219.0
459,Harriot,Sketch,hsketchcq@joomla.org,Female,246.52.118.146
460,Hestia,Schollick,hschollickcr@bizjournals.com,Female,95.130.174.30
461,Isaiah,Killner,ikillnercs@purevolume.com,Male,127.150.61.165
462,Briana,Hillett,bhillettct@exblog.jp,Female,52.74.102.47
463,Jeannette,Godspeede,jgodspeedecu@discuz.net,Female,174.57.199.249
464,Akim,Tweedy,atweedycv@infoseek.co.jp,Male,250.119.194.208
465,Thacher,Leverich,tleverichcw@digg.com,Male,170.92.25.92
466,Stafani,Rubinsky,srubinskycx@uiuc.edu,Female,43.207.172.116
467,Grange,Wolfendell,gwolfendellcy@constantcontact.com,Male,220.172.157.6
468,Cecily,Roddan,croddancz@sciencedaily.com,Female,134.39.234.179
469,Kennith,Rozzell,krozzelld0@cocolog-nifty.com,Male,84.200.164.183
470,Major,Fairlem,mfairlemd1@jiathis.com,Male,56.211.113.189
471,Virginia,Olver,volverd2@merriam-webster.com,Female,224.160.146.107
472,Roanna,Chettle,rchettled3@joomla.org,Female,216.44.127.185
473,Lukas,De La Haye,ldelahayed4@intel.com,Male,111.190.45.113
474,Cordula,Attwill,cattwilld5@cbslocal.com,Female,25.254.223.120
475,Paquito,Boughen,pboughend6@dedecms.com,Male,88.176.153.49
476,Marillin,Krollmann,mkrollmannd7@fotki.com,Female,42.53.221.23
477,Norton,Herkess,nherkessd8@google.com.au,Male,37.54.182.238
478,Phillipe,Cowdroy,pcowdroyd9@yellowpages.com,Male,1.88.98.119
479,Tyne,Simkiss,tsimkissda@goodreads.com,Female,240.239.218.113
480,Kristopher,Nathan,knathandb@spiegel.de,Male,80.239.48.4
481,Collette,Strickett,cstrickettdc@hc360.com,Female,195.188.205.222
482,Marcellus,Fairfoul,mfairfouldd@blinklist.com,Male,151.201.143.198
483,Jyoti,Noore,jnoorede@unesco.org,Female,129.182.124.31
484,Desmund,Pengelly,dpengellydf@twitter.com,Male,199.128.40.116
485,Shirl,Wrefford,swrefforddg@bigcartel.com,Female,106.101.223.146
486,Kassi,McSorley,kmcsorleydh@nasa.gov,Female,197.152.248.1
487,Biron,Brenston,bbrenstondi@twitter.com,Male,240.188.44.201
488,Jobie,Spehr,jspehrdj@seesaa.net,Female,187.199.56.217
489,Eric,Dauber,edauberdk@surveymonkey.com,Male,116.101.63.5
490,Marna,Mathieson,mmathiesondl@drupal.org,Female,250.41.225.5
491,Leona,O'Sculley,losculleydm@scribd.com,Female,93.121.9.120
492,Crin,Ackroyd,cackroyddn@goo.gl,Female,15.134.105.136
493,Gasparo,Readwin,greadwindo@dot.gov,Male,227.144.92.43
494,Araldo,Andresen,aandresendp@dot.gov,Male,77.219.133.204
495,Jaquenetta,Reef,jreefdq@sfgate.com,Female,31.147.219.127
496,Tome,Rodgier,trodgierdr@archive.org,Male,140.129.93.106
497,Rossy,Rehm,rrehmds@theguardian.com,Male,89.153.17.146
498,Sidnee,Dimmick,sdimmickdt@elegantthemes.com,Male,101.47.96.119
499,Cody,Wogan,cwogandu@reddit.com,Female,161.176.235.16
500,Thor,Getcliff,tgetcliffdv@canalblog.com,Male,189.1.79.145
501,Karena,Paull,kpaulldw@dedecms.com,Female,224.248.133.176
502,Pasquale,Pearse,ppearsedx@dagondesign.com,Male,179.212.11.167
503,Consalve,Mars,cmarsdy@amazon.de,Male,252.59.143.92
504,Rudolf,Pandie,rpandiedz@ovh.net,Male,137.35.14.234
505,Fletch,Dulling,fdullinge0@twitter.com,Male,140.155.238.165
506,Aaren,Bauldrey,abauldreye1@ehow.com,Female,3.6.254.217
507,Leeanne,Kitson,lkitsone2@bing.com,Female,174.82.118.248
508,Susi,Tinman,stinmane3@hugedomains.com,Female,215.22.96.108
509,Winnie,Munday,wmundaye4@geocities.com,Male,224.49.35.251
510,Eudora,Marchent,emarchente5@huffingtonpost.com,Female,27.21.14.68
511,Rickard,Passby,rpassbye6@nyu.edu,Male,131.24.158.199
512,Nannette,Hubbucke,nhubbuckee7@vimeo.com,Female,64.47.122.186
513,Evie,Raeburn,eraeburne8@toplist.cz,Female,250.70.230.81
514,Dov,Vasechkin,dvasechkine9@typepad.com,Male,146.159.55.110
515,Dore,Ducker,dduckerea@seesaa.net,Female,1.126.212.243
516,Madeleine,Fitzjohn,mfitzjohneb@yolasite.com,Female,106.17.225.104
517,Waldemar,Gheeraert,wgheeraertec@technorati.com,Male,55.164.4.240
518,Kath,Hartness,khartnessed@yellowpages.com,Female,13.188.78.218
519,Elden,Gallemore,egallemoreee@163.com,Male,142.82.94.249
520,Marin,Vardie,mvardieef@nba.com,Female,75.28.219.56
521,Annalee,Larcier,alarciereg@nps.gov,Female,27.217.241.177
522,Zuzana,Lammerts,zlammertseh@wired.com,Female,96.93.41.163
523,Yorker,Paulich,ypaulichei@hud.gov,Male,54.123.70.174
524,Allegra,Scrivin,ascrivinej@cornell.edu,Female,142.191.14.40
525,Rocky,Peet,rpeetek@ftc.gov,Male,37.16.189.186
526,Murray,Moncreiff,mmoncreiffel@unc.edu,Male,231.165.101.151
527,Gwynne,Crecy,gcrecyem@theglobeandmail.com,Female,196.225.60.126
528,Dinah,Yerby,dyerbyen@google.com.au,Female,161.142.94.24
529,Berkly,Praundl,bpraundleo@businessinsider.com,Male,192.192.228.245
530,Bernetta,Codi,bcodiep@vimeo.com,Female,124.207.40.69
531,Dallon,Rapkins,drapkinseq@miitbeian.gov.cn,Male,231.71.234.105
532,Stanleigh,Brinklow,sbrinklower@altervista.org,Male,101.13.241.71
533,Aldrich,Lundy,alundyes@sina.com.cn,Male,202.167.191.180
534,Angus,Bricksey,abrickseyet@fema.gov,Male,0.108.228.203
535,Graehme,Sawart,gsawarteu@spotify.com,Male,93.158.12.51
536,Carlin,Weaver,cweaverev@etsy.com,Female,231.152.197.36
537,Holt,Grimsdale,hgrimsdaleew@unblog.fr,Male,232.187.78.235
538,Joanne,Cutmare,jcutmareex@goodreads.com,Female,216.38.194.98
539,Hali,Tithacott,htithacottey@sogou.com,Female,232.133.226.50
540,Phillipe,Poupard,ppoupardez@hud.gov,Male,55.208.81.222
541,Emelita,Wellbeloved,ewellbelovedf0@un.org,Female,219.248.32.174
542,Wendy,Skocroft,wskocroftf1@yellowpages.com,Female,110.53.253.230
543,Clemence,Cartmale,ccartmalef2@bloglovin.com,Female,85.95.113.123
544,Andie,Pollastrino,apollastrinof3@feedburner.com,Male,119.64.238.194
545,Emmalyn,Sherrell,esherrellf4@addtoany.com,Female,22.71.62.167
546,Dyanne,Conningham,dconninghamf5@unicef.org,Female,246.112.160.163
547,Debra,MacVanamy,dmacvanamyf6@mayoclinic.com,Female,17.150.137.134
548,Ashby,Harold,aharoldf7@imdb.com,Male,204.91.34.155
549,Cayla,Hebborne,chebbornef8@usatoday.com,Female,60.20.1.69
550,Pepito,Eadmeads,peadmeadsf9@phpbb.com,Male,91.169.46.63
551,Jori,Beedell,jbeedellfa@umn.edu,Female,131.58.253.253
552,Janene,Swanston,jswanstonfb@histats.com,Female,87.163.115.179
553,Bern,Hawson,bhawsonfc@sohu.com,Male,104.16.19.93
554,Hedvige,Ligertwood,hligertwoodfd@cornell.edu,Female,192.215.240.115
555,Currey,Cayle,ccaylefe@chronoengine.com,Male,48.69.78.231
556,Tabbitha,Czajkowska,tczajkowskaff@wordpress.org,Female,229.249.12.216
557,Monty,Denney,mdenneyfg@smugmug.com,Male,43.70.204.99
558,Eydie,Tranfield,etranfieldfh@guardian.co.uk,Female,153.120.1.155
559,Elmo,Woolveridge,ewoolveridgefi@topsy.com,Male,49.112.169.54
560,Vaclav,Halsted,vhalstedfj@devhub.com,Male,23.52.160.44
561,Elroy,Rois,eroisfk@si.edu,Male,130.128.0.247
562,Annissa,Colliver,acolliverfl@wsj.com,Female,164.181.55.117
563,Margot,Brok,mbrokfm@reuters.com,Female,253.21.177.96
564,Ermin,Aslott,easlottfn@barnesandnoble.com,Male,62.186.217.76
565,Tom,Kingsnod,tkingsnodfo@com.com,Male,119.25.86.155
566,Inesita,Compford,icompfordfp@prweb.com,Female,194.40.192.93
567,Mella,Wherrett,mwherrettfq@sogou.com,Female,40.226.159.1
568,Cristiano,Jantet,cjantetfr@earthlink.net,Male,135.163.196.198
569,Carly,Jost,cjostfs@addtoany.com,Male,72.34.188.172
570,Kelvin,Langelay,klangelayft@google.it,Male,162.26.83.140
571,Lynnell,Moretto,lmorettofu@dion.ne.jp,Female,166.5.235.37
572,Laurie,Truran,ltruranfv@zdnet.com,Male,243.206.91.3
573,Charles,Giaomozzo,cgiaomozzofw@drupal.org,Male,111.152.188.255
574,Barbra,Lattin,blattinfx@wiley.com,Female,147.16.113.230
575,Rheba,Locket,rlocketfy@live.com,Female,82.90.225.211
576,Sheilakathryn,Kleinschmidt,skleinschmidtfz@pcworld.com,Female,36.133.226.8
577,Jolene,Pentony,jpentonyg0@squidoo.com,Female,117.92.134.157
578,Delila,Haseldine,dhaseldineg1@squarespace.com,Female,35.82.13.61
579,Cassandre,Shawe,cshaweg2@icq.com,Female,218.9.70.200
580,Noelle,Blanshard,nblanshardg3@skype.com,Female,38.122.162.168
581,Hercule,Hardes,hhardesg4@vistaprint.com,Male,115.156.252.225
582,Camella,Labbe,clabbeg5@soup.io,Female,95.105.49.31
583,Rustie,Baigent,rbaigentg6@cisco.com,Male,168.55.219.210
584,Dani,Winslet,dwinsletg7@shinystat.com,Female,119.127.82.61
585,Whitney,Whewill,wwhewillg8@twitpic.com,Male,83.134.188.66
586,Lora,Warters,lwartersg9@ameblo.jp,Female,139.131.137.144
587,Thorin,Celle,tcellega@nps.gov,Male,252.174.104.236
588,Olga,Wiltshire,owiltshiregb@usnews.com,Female,82.71.120.197
589,Nolie,Gilkison,ngilkisongc@homestead.com,Female,158.24.44.14
590,Kelly,Batrip,kbatripgd@dedecms.com,Female,234.188.153.122
591,Sheena,Cosh,scoshge@usa.gov,Female,135.66.216.176
592,Catherin,Cantillon,ccantillongf@who.int,Female,78.253.122.251
593,Abie,Davidow,adavidowgg@sitemeter.com,Male,0.199.70.209
594,Keefer,Stoves,kstovesgh@spiegel.de,Male,237.197.252.35
595,Sheilakathryn,Leverett,sleverettgi@hatena.ne.jp,Female,12.8.197.169
596,Erin,Vickars,evickarsgj@google.es,Female,143.178.200.15
597,Crichton,Fairley,cfairleygk@dedecms.com,Male,105.83.216.135
598,Griffie,Tipton,gtiptongl@dyndns.org,Male,149.184.225.220
599,Alan,Danielis,adanielisgm@vkontakte.ru,Male,66.102.10.49
600,Urbanus,Aberdein,uaberdeingn@go.com,Male,30.185.200.178
601,Maurene,Calway,mcalwaygo@blog.com,Female,0.147.105.137
602,Hailey,Gateman,hgatemangp@mediafire.com,Male,71.20.114.47
603,Ely,Python,epythongq@hud.gov,Male,165.132.84.214
604,Charline,Zohrer,czohrergr@hibu.com,Female,182.4.73.237
605,Tori,Arnolds,tarnoldsgs@linkedin.com,Female,208.136.143.159
606,Saw,Jayes,sjayesgt@wufoo.com,Male,235.46.107.157
607,Randa,Deighton,rdeightongu@irs.gov,Female,145.179.171.231
608,Torr,Infante,tinfantegv@desdev.cn,Male,12.200.218.159
609,Josefa,Royston,jroystongw@goo.gl,Female,129.93.95.157
610,Giorgi,Elward,gelwardgx@cam.ac.uk,Male,200.89.126.248
611,Analise,Hackworth,ahackworthgy@storify.com,Female,147.239.2.26
612,Maxy,Thornally,mthornallygz@businessweek.com,Female,173.71.23.198
613,Andrea,Papez,apapezh0@twitpic.com,Male,200.1.54.148
614,Pollyanna,Tritton,ptrittonh1@bloglines.com,Female,37.104.46.2
615,Angelina,Cheves,achevesh2@nasa.gov,Female,146.223.172.122
616,Kaine,Meachem,kmeachemh3@discuz.net,Male,127.211.234.209
617,Kelsi,Woodgate,kwoodgateh4@furl.net,Female,213.15.209.232
618,Tana,Gurley,tgurleyh5@dmoz.org,Female,6.11.23.146
619,Nicolas,Poston,npostonh6@jalbum.net,Male,54.74.131.245
620,Donia,Behning,dbehningh7@amazon.com,Female,167.155.170.142
621,Boycey,Broker,bbrokerh8@google.cn,Male,42.53.118.125
622,Quinlan,Blaw,qblawh9@tinyurl.com,Male,55.195.40.16
623,Denni,Fairbank,dfairbankha@boston.com,Female,223.44.197.196
624,Adelle,Chadwen,achadwenhb@slate.com,Female,185.52.91.100
625,Caril,Delyth,cdelythhc@ycombinator.com,Female,46.83.122.131
626,Ainslee,Comizzoli,acomizzolihd@noaa.gov,Female,65.118.185.195
627,Wit,Dearing,wdearinghe@biblegateway.com,Male,23.250.157.32
628,Freemon,Redish,fredishhf@bloomberg.com,Male,159.195.165.40
629,Gregory,Wilman,gwilmanhg@epa.gov,Male,7.182.190.102
630,Hank,Jedrzejczyk,hjedrzejczykhh@ed.gov,Male,172.227.49.148
631,Lydon,Addicott,laddicotthi@opera.com,Male,9.203.43.242
632,Trixi,Clerc,tclerchj@baidu.com,Female,213.162.4.25
633,Briano,Atter,batterhk@hc360.com,Male,158.187.235.141
634,Zeb,Ivetts,zivettshl@geocities.com,Male,145.163.37.129
635,Rori,Berrygun,rberrygunhm@comsenz.com,Female,16.104.118.183
636,Prentice,Andrez,pandrezhn@japanpost.jp,Male,66.86.4.98
637,Udale,Claringbold,uclaringboldho@jimdo.com,Male,211.162.50.57
638,Marcela,Birmingham,mbirminghamhp@uol.com.br,Female,163.58.211.184
639,Peder,Benyan,pbenyanhq@wufoo.com,Male,203.93.87.107
640,Renie,Pennicott,rpennicotthr@hhs.gov,Female,69.250.122.142
641,Brandise,Tulip,btuliphs@nasa.gov,Female,244.130.98.49
642,Sarette,Panas,spanasht@so-net.ne.jp,Female,186.58.172.153
643,Robenia,Satterly,rsatterlyhu@canalblog.com,Female,41.255.86.124
644,Jennifer,Lindfors,jlindforshv@bravesites.com,Female,54.145.143.123
645,Sylvester,Patrie,spatriehw@wisc.edu,Male,121.253.116.28
646,Junette,FitzAlan,jfitzalanhx@smugmug.com,Female,83.195.17.38
647,Micaela,Standon,mstandonhy@spotify.com,Female,147.248.172.253
648,Noland,Assad,nassadhz@accuweather.com,Male,30.127.45.186
649,Perceval,Ginley,pginleyi0@pbs.org,Male,247.92.27.244
650,Daloris,Lindermann,dlindermanni1@unc.edu,Female,181.49.170.107
651,Weidar,Elt,welti2@xing.com,Male,237.84.54.244
652,Rozamond,McEntagart,rmcentagarti3@delicious.com,Female,161.250.223.114
653,Culver,Scandrett,cscandretti4@whitehouse.gov,Male,135.168.85.96
654,Ainslie,Dacres,adacresi5@deviantart.com,Female,222.9.17.73
655,Vivyanne,Spering,vsperingi6@dell.com,Female,159.218.205.191
656,Ophelia,Dudley,odudleyi7@yale.edu,Female,242.129.34.62
657,Kirk,Harbert,kharberti8@so-net.ne.jp,Male,41.165.211.89
658,Odo,Wyborn,owyborni9@sakura.ne.jp,Male,103.247.198.246
659,Lindy,Leall,lleallia@360.cn,Female,76.221.92.175
660,Astra,Nurny,anurnyib@exblog.jp,Female,91.136.177.62
661,Ellissa,Angelini,eangeliniic@nymag.com,Female,155.238.139.100
662,Zora,Engall,zengallid@reverbnation.com,Female,239.206.85.136
663,Devonne,Omrod,domrodie@infoseek.co.jp,Female,210.96.144.179
664,Korry,Fann,kfannif@geocities.com,Female,182.35.236.217
665,Yovonnda,Radnage,yradnageig@kickstarter.com,Female,188.240.40.250
666,Nananne,Bamlet,nbamletih@de.vu,Female,241.171.28.129
667,Torrance,Waldren,twaldrenii@cornell.edu,Male,200.93.160.102
668,Gavin,Wigfield,gwigfieldij@globo.com,Male,243.174.82.92
669,Selinda,Gandrich,sgandrichik@google.fr,Female,92.142.199.208
670,Dory,Rickell,drickellil@uol.com.br,Female,127.181.178.238
671,Hazel,Sillis,hsillisim@mac.com,Female,254.209.144.197
672,Evy,Guillotin,eguillotinin@phpbb.com,Female,2.245.178.136
673,Anstice,Chevis,achevisio@time.com,Female,83.1.233.89
674,Paloma,Klulisek,pklulisekip@issuu.com,Female,35.11.254.150
675,Liv,Gerrie,lgerrieiq@1688.com,Female,46.160.10.163
676,Denise,Revill,drevillir@icio.us,Female,28.184.130.10
677,Phaidra,Kingswoode,pkingswoodeis@phoca.cz,Female,66.85.115.170
678,Maison,Wasbrough,mwasbroughit@dion.ne.jp,Male,154.28.88.184
679,Sydney,Taverner,staverneriu@fda.gov,Male,133.60.22.220
680,Klaus,Seefeldt,kseefeldtiv@google.ca,Male,219.220.134.195
681,Karlee,Daverin,kdaveriniw@umich.edu,Female,186.156.238.233
682,Adaline,Longridge,alongridgeix@liveinternet.ru,Female,31.110.27.205
683,Shalom,Ducker,sduckeriy@tumblr.com,Male,223.221.173.96
684,Richie,Maasz,rmaasziz@archive.org,Male,243.58.248.98
685,Alvis,Haffard,ahaffardj0@cdc.gov,Male,201.61.159.145
686,Yalonda,Gabrieli,ygabrielij1@xrea.com,Female,61.10.134.204
687,Bertram,Assante,bassantej2@howstuffworks.com,Male,217.171.207.128
688,Bern,Viney,bvineyj3@msu.edu,Male,117.88.13.38
689,Rafa,Ackerley,rackerleyj4@boston.com,Female,197.178.43.180
690,Kingston,Hawkwood,khawkwoodj5@soundcloud.com,Male,72.177.200.221
691,Celeste,Leggis,cleggisj6@constantcontact.com,Female,134.166.40.156
692,Sheelah,Burree,sburreej7@japanpost.jp,Female,126.26.164.157
693,Guenna,Stripling,gstriplingj8@delicious.com,Female,44.164.29.148
694,Wilton,Ellings,wellingsj9@about.me,Male,26.80.160.98
695,Josselyn,Kupis,jkupisja@bizjournals.com,Female,35.81.5.55
696,Josefa,Stainland,jstainlandjb@bloomberg.com,Female,225.130.236.234
697,Gunar,Curzey,gcurzeyjc@uol.com.br,Male,28.43.47.112
698,Evanne,Mergue,emerguejd@bbb.org,Female,169.83.18.185
699,Hettie,Goldes,hgoldesje@exblog.jp,Female,10.81.249.149
700,Mitch,Bolsover,mbolsoverjf@deliciousdays.com,Male,129.206.133.207
701,Cristal,Matzeitis,cmatzeitisjg@moonfruit.com,Female,197.173.138.245
702,Roscoe,Townrow,rtownrowjh@webeden.co.uk,Male,85.60.218.241
703,Peyton,Sturror,psturrorji@salon.com,Male,208.46.128.138
704,Ingram,Lozano,ilozanojj@blogspot.com,Male,156.144.57.47
705,Joy,Piecha,jpiechajk@51.la,Female,195.225.2.24
706,Iseabal,Giffen,igiffenjl@mail.ru,Female,209.86.96.52
707,Candie,Jocelyn,cjocelynjm@comsenz.com,Female,166.237.155.41
708,Gert,Gosney,ggosneyjn@ebay.co.uk,Female,0.224.243.235
709,Nikos,Bowdery,nbowderyjo@washingtonpost.com,Male,212.198.243.243
710,Ursulina,Kirvin,ukirvinjp@amazon.co.uk,Female,186.107.39.8
711,Carolus,Bondesen,cbondesenjq@sfgate.com,Male,43.99.109.184
712,Burch,Hordell,bhordelljr@umn.edu,Male,149.114.49.103
713,Danny,Farlham,dfarlhamjs@studiopress.com,Male,209.8.188.222
714,Mick,Sheach,msheachjt@dagondesign.com,Male,55.178.75.99
715,Richmond,Sherrington,rsherringtonju@archive.org,Male,33.66.204.69
716,Eran,Gascoyen,egascoyenjv@mediafire.com,Female,76.70.79.199
717,Filberte,Snel,fsneljw@yolasite.com,Male,175.2.128.147
718,Minette,Matthias,mmatthiasjx@ftc.gov,Female,225.237.102.63
719,Shepperd,Sinclaire,ssinclairejy@surveymonkey.com,Male,202.39.50.175
720,Jeralee,Smardon,jsmardonjz@wired.com,Female,167.178.168.32
721,Maurise,Divis,mdivisk0@cnbc.com,Female,184.219.41.233
722,Pepita,Cuckson,pcucksonk1@chron.com,Female,114.85.94.230
723,Leann,Alder,lalderk2@dailymail.co.uk,Female,84.125.49.13
724,Claudelle,Honeywood,choneywoodk3@soundcloud.com,Female,180.239.17.96
725,Myrtia,Mitten,mmittenk4@cbc.ca,Female,202.198.179.236
726,Mitch,Beggio,mbeggiok5@fema.gov,Male,191.245.231.192
727,Lib,Tirone,ltironek6@arstechnica.com,Female,240.41.193.103
728,Anica,Thistleton,athistletonk7@chicagotribune.com,Female,59.223.109.77
729,Sarette,Duffy,sduffyk8@bloglovin.com,Female,184.193.133.20
730,Inglis,Maling,imalingk9@nature.com,Male,132.148.85.46
731,Corny,Simmonds,csimmondska@businesswire.com,Male,228.101.44.14
732,Gavrielle,Sibthorp,gsibthorpkb@princeton.edu,Female,79.239.102.23
733,Rouvin,Macvey,rmacveykc@dagondesign.com,Male,19.209.239.115
734,Amber,O'Cannovane,aocannovanekd@spotify.com,Female,21.95.20.68
735,Linn,Lappine,llappineke@printfriendly.com,Male,75.67.198.207
736,Emelita,Dell Casa,edellcasakf@army.mil,Female,246.159.20.30
737,Cosme,Huddles,chuddleskg@yelp.com,Male,169.2.34.92
738,Lynette,Giff,lgiffkh@sciencedirect.com,Female,110.143.247.63
739,Bethina,Rosenberger,brosenbergerki@princeton.edu,Female,202.79.227.101
740,Sofie,Talmadge,stalmadgekj@nymag.com,Female,79.8.49.35
741,Isa,Pendre,ipendrekk@telegraph.co.uk,Female,243.206.177.47
742,Breena,Makinson,bmakinsonkl@sfgate.com,Female,64.33.189.54
743,Wynn,Yewen,wyewenkm@moonfruit.com,Female,158.195.38.130
744,Vinny,Bazek,vbazekkn@cafepress.com,Male,236.241.193.112
745,Giulia,Andrews,gandrewsko@over-blog.com,Female,136.108.97.87
746,Sosanna,Szymoni,sszymonikp@adobe.com,Female,49.132.207.53
747,Freedman,Batterson,fbattersonkq@bloglines.com,Male,155.16.193.76
748,Gabriela,Germain,ggermainkr@homestead.com,Female,86.105.1.42
749,Rock,Sant,rsantks@nba.com,Male,136.36.210.143
750,Swen,Gooms,sgoomskt@examiner.com,Male,31.212.70.154
751,Matthias,Goodhall,mgoodhallku@wufoo.com,Male,62.18.148.154
752,Niven,Kinsett,nkinsettkv@independent.co.uk,Male,158.249.70.84
753,Curtice,MacAulay,cmacaulaykw@ucoz.ru,Male,118.139.14.170
754,Pierson,Braidon,pbraidonkx@meetup.com,Male,142.212.78.148
755,Shaylynn,Sumpton,ssumptonky@chicagotribune.com,Female,83.35.196.236
756,Tuckie,Newsham,tnewshamkz@admin.ch,Male,116.166.172.205
757,Leoine,O'Lagen,lolagenl0@va.gov,Female,50.88.224.232
758,Tarrah,Hincks,thincksl1@tamu.edu,Female,148.28.98.220
759,Wilmar,Sisse,wsissel2@netlog.com,Male,34.244.13.93
760,Clayton,Dondon,cdondonl3@google.cn,Male,179.26.208.76
761,Norine,Ingold,ningoldl4@ftc.gov,Female,42.203.94.166
762,Meredith,Sexti,msextil5@squarespace.com,Female,162.10.164.1
763,Coralyn,Czajkowska,cczajkowskal6@npr.org,Female,104.44.254.114
764,Dew,Gemnett,dgemnettl7@senate.gov,Male,44.212.51.101
765,Lynnette,Rape,lrapel8@umn.edu,Female,43.246.64.179
766,Lauralee,Coleyshaw,lcoleyshawl9@yellowbook.com,Female,99.66.162.21
767,Cullen,Vanyushin,cvanyushinla@sciencedaily.com,Male,177.137.84.145
768,Selene,Illwell,sillwelllb@google.pl,Female,86.8.96.189
769,Marc,Jesper,mjesperlc@webeden.co.uk,Male,218.250.46.182
770,Beale,Runciman,bruncimanld@infoseek.co.jp,Male,215.42.204.217
771,Kayne,Dinsey,kdinseyle@about.com,Male,212.112.54.3
772,Kate,Keyse,kkeyself@naver.com,Female,50.116.202.70
773,Gardy,Flaubert,gflaubertlg@usgs.gov,Male,135.30.141.104
774,Gerhard,Reneke,grenekelh@phpbb.com,Male,85.136.3.196
775,Gloriana,Crossdale,gcrossdaleli@who.int,Female,81.10.209.94
776,Natasha,Elan,nelanlj@sourceforge.net,Female,224.67.106.172
777,Jermain,Lynd,jlyndlk@wordpress.com,Male,130.33.53.177
778,Boyd,Durant,bdurantll@si.edu,Male,236.10.48.52
779,Borden,Cabrales,bcabraleslm@meetup.com,Male,168.108.115.189
780,Brook,Farnill,bfarnillln@nydailynews.com,Female,139.64.65.140
781,Stanislaus,Noads,snoadslo@yahoo.co.jp,Male,224.159.62.189
782,Nell,Peddowe,npeddowelp@creativecommons.org,Female,154.232.95.173
783,Jerrie,Annets,jannetslq@rakuten.co.jp,Male,217.252.124.235
784,Lincoln,Smallsman,lsmallsmanlr@istockphoto.com,Male,122.244.73.17
785,Aland,Pimblott,apimblottls@naver.com,Male,137.30.173.188
786,Ivan,Scrange,iscrangelt@dropbox.com,Male,55.61.69.103
787,Jamaal,Lawes,jlaweslu@scribd.com,Male,115.28.200.225
788,Melina,Emmanueli,memmanuelilv@baidu.com,Female,136.33.253.248
789,Ingra,Roffey,iroffeylw@aol.com,Male,12.152.196.15
790,Duncan,Petruszka,dpetruszkalx@last.fm,Male,227.7.152.58
791,Addi,Hawking,ahawkingly@1688.com,Female,231.202.67.51
792,Leilah,Cane,lcanelz@unc.edu,Female,172.12.112.159
793,Darrel,Krzysztofiak,dkrzysztofiakm0@samsung.com,Male,163.84.212.217
794,Elke,Mayow,emayowm1@flickr.com,Female,7.83.160.242
795,Dinnie,Norres,dnorresm2@nydailynews.com,Female,152.69.172.35
796,Tracey,Hirtz,thirtzm3@domainmarket.com,Female,0.29.11.229
797,Rafferty,Whellams,rwhellamsm4@liveinternet.ru,Male,10.61.81.126
798,Vivie,Waters,vwatersm5@mashable.com,Female,28.131.227.152
799,Lester,Sabbin,lsabbinm6@yolasite.com,Male,167.23.175.39
800,Fax,Quantrill,fquantrillm7@unblog.fr,Male,41.196.113.15
801,Kakalina,Farrear,kfarrearm8@stanford.edu,Female,191.179.110.54
802,Ardenia,Mullarkey,amullarkeym9@mit.edu,Female,8.58.19.178
803,Ware,Walkley,wwalkleyma@google.co.jp,Male,152.224.129.249
804,Haslett,Picard,hpicardmb@pbs.org,Male,26.183.219.104
805,Tiffy,Presswell,tpresswellmc@tinyurl.com,Female,32.186.92.132
806,Calla,Tabourel,ctabourelmd@ucsd.edu,Female,179.120.16.38
807,Jacquie,Backshell,jbackshellme@acquirethisname.com,Female,117.136.234.2
808,Gerianne,Pencost,gpencostmf@hibu.com,Female,61.251.200.105
809,Anabelle,Stimson,astimsonmg@foxnews.com,Female,73.117.8.59
810,Idalina,Spread,ispreadmh@reuters.com,Female,137.1.53.20
811,Michelle,Margerrison,mmargerrisonmi@blinklist.com,Female,79.160.193.177
812,Filmer,Monery,fmonerymj@google.ru,Male,145.195.209.37
813,Ansel,Galbraeth,agalbraethmk@biglobe.ne.jp,Male,79.42.49.71
814,Chance,Bidwell,cbidwellml@tumblr.com,Male,113.72.218.148
815,Ellen,Illsley,eillsleymm@marketwatch.com,Female,145.88.163.30
816,Gwenora,Jurs,gjursmn@cyberchimps.com,Female,217.40.210.39
817,Dulcia,Kervin,dkervinmo@yahoo.com,Female,136.220.93.218
818,Wanda,Shaylor,wshaylormp@hibu.com,Female,155.237.155.57
819,Kiri,Seivwright,kseivwrightmq@miibeian.gov.cn,Female,253.232.164.204
820,Thorin,Atthow,tatthowmr@bravesites.com,Male,136.164.5.38
821,Cinda,Crothers,ccrothersms@dailymotion.com,Female,57.221.174.201
822,Lynnea,Howard,lhowardmt@army.mil,Female,86.139.112.170
823,Mendie,Conwell,mconwellmu@globo.com,Male,50.48.9.28
824,Brietta,Pharro,bpharromv@nature.com,Female,5.24.0.123
825,Michal,Tyt,mtytmw@goo.gl,Female,218.219.217.34
826,Katey,Whisker,kwhiskermx@irs.gov,Female,67.135.33.71
827,Smith,Chestnut,schestnutmy@disqus.com,Male,247.38.151.93
828,Falkner,Dawby,fdawbymz@woothemes.com,Male,194.222.189.134
829,Roseanne,Phittiplace,rphittiplacen0@ibm.com,Female,21.91.231.92
830,Brit,Nettle,bnettlen1@linkedin.com,Male,55.40.253.95
831,Percival,Tremonte,ptremonten2@xrea.com,Male,135.80.78.196
832,Thea,Danton,tdantonn3@technorati.com,Female,174.210.164.24
833,Caprice,Wealthall,cwealthalln4@yelp.com,Female,91.13.37.168
834,Matilde,Drayson,mdraysonn5@1688.com,Female,14.224.195.1
835,Catha,Bedenham,cbedenhamn6@xing.com,Female,193.17.46.138
836,Morry,Thorouggood,mthorouggoodn7@addtoany.com,Male,237.104.84.148
837,Janek,Butchard,jbutchardn8@usatoday.com,Male,143.113.57.64
838,Gregorius,Eves,gevesn9@xinhuanet.com,Male,124.143.157.69
839,Thatcher,Ronci,troncina@ameblo.jp,Male,28.81.110.177
840,Claudius,O'Doohaine,codoohainenb@comcast.net,Male,79.107.46.140
841,Callida,O'Moylane,comoylanenc@4shared.com,Female,170.134.168.63
842,Kane,Mityushkin,kmityushkinnd@google.com,Male,158.59.144.34
843,Adelle,Mellmer,amellmerne@com.com,Female,59.233.68.18
844,Margaux,Gerardi,mgerardinf@csmonitor.com,Female,7.112.45.136
845,Hank,Roby,hrobyng@msu.edu,Male,162.92.127.218
846,Pearce,Ruddock,pruddocknh@dmoz.org,Male,235.76.178.59
847,Chrissie,Brokenshaw,cbrokenshawni@bbc.co.uk,Female,218.88.223.14
848,Alair,Lane,alanenj@hao123.com,Male,109.91.229.145
849,Ebenezer,Membry,emembrynk@over-blog.com,Male,8.25.245.173
850,Royce,Deignan,rdeignannl@hc360.com,Male,115.184.35.253
851,Artemus,Hurleston,ahurlestonnm@tinyurl.com,Male,7.129.195.192
852,Micheline,Aimeric,maimericnn@newyorker.com,Female,4.196.143.199
853,Jamesy,Keel,jkeelno@fda.gov,Male,245.173.237.193
854,Sabrina,Slott,sslottnp@wikipedia.org,Female,70.245.140.5
855,Artair,Gallety,agalletynq@csmonitor.com,Male,122.220.80.79
856,Beryle,O'Sheerin,bosheerinnr@msn.com,Female,247.160.229.247
857,Allis,De Lorenzo,adelorenzons@tuttocitta.it,Female,94.3.21.204
858,Frannie,McKeaveney,fmckeaveneynt@cpanel.net,Male,185.55.118.2
859,Bernadine,Morl,bmorlnu@upenn.edu,Female,193.101.244.17
860,Kiah,Skerratt,kskerrattnv@cloudflare.com,Female,121.66.229.221
861,Ginnie,McCutcheon,gmccutcheonnw@technorati.com,Female,83.81.138.108
862,Cristie,Smoth,csmothnx@google.co.jp,Female,241.15.138.27
863,Thomasine,Brassill,tbrassillny@squarespace.com,Female,105.37.182.220
864,Roch,Fierman,rfiermannz@timesonline.co.uk,Female,247.210.68.73
865,Yvette,Defau,ydefauo0@histats.com,Female,61.169.106.65
866,Hobie,Nestle,hnestleo1@wp.com,Male,190.242.123.166
867,Morgun,Worg,mworgo2@wp.com,Male,182.122.39.9
868,Neall,Hillhouse,nhillhouseo3@fastcompany.com,Male,182.146.72.213
869,Halley,Camilli,hcamillio4@webmd.com,Female,49.0.154.247
870,Leonidas,Pepler,lpeplero5@google.de,Male,37.11.145.100
871,Bayard,Local,blocalo6@tripod.com,Male,213.221.234.255
872,Marie,Gaggen,mgaggeno7@icq.com,Female,128.224.250.187
873,Charline,Tonkin,ctonkino8@bloomberg.com,Female,28.224.155.88
874,Melissa,Shires,mshireso9@webnode.com,Female,224.149.38.9
875,Celle,Thompsett,cthompsettoa@baidu.com,Female,153.75.134.184
876,Debby,Strangeway,dstrangewayob@amazon.co.uk,Female,168.229.87.169
877,Alexandra,Kuhnert,akuhnertoc@bbc.co.uk,Female,169.154.197.197
878,Agretha,Kincaid,akincaidod@booking.com,Female,141.146.200.48
879,Rosaline,Gardener,rgardeneroe@blogtalkradio.com,Female,171.35.105.215
880,Judah,Hailes,jhailesof@sakura.ne.jp,Male,75.21.219.245
881,Reinwald,McLuckie,rmcluckieog@uiuc.edu,Male,202.162.99.226
882,Katuscha,Vasishchev,kvasishchevoh@icio.us,Female,122.189.167.96
883,Glendon,Korf,gkorfoi@house.gov,Male,20.215.6.158
884,Charlie,Bruhnke,cbruhnkeoj@mail.ru,Male,61.106.2.163
885,Richardo,Woodcock,rwoodcockok@discuz.net,Male,249.222.111.118
886,Aliza,Guiot,aguiotol@nsw.gov.au,Female,186.89.57.223
887,Bailey,Cannaway,bcannawayom@dmoz.org,Male,98.145.46.79
888,Moises,Cadman,mcadmanon@unesco.org,Male,156.11.43.57
889,Stacia,Cuningham,scuninghamoo@jiathis.com,Female,189.113.159.43
890,Mel,Ropp,mroppop@xinhuanet.com,Male,141.189.188.228
891,Feodora,Fissenden,ffissendenoq@ihg.com,Female,6.173.33.28
892,Elliot,Thompkins,ethompkinsor@gizmodo.com,Male,104.78.19.171
893,Deloris,Licas,dlicasos@hao123.com,Female,54.45.147.200
894,Danell,Snoad,dsnoadot@nationalgeographic.com,Female,140.182.144.179
895,Husain,Charsley,hcharsleyou@discovery.com,Male,91.134.158.13
896,Hervey,Basilone,hbasiloneov@friendfeed.com,Male,121.138.24.239
897,Ellyn,Roof,eroofow@eventbrite.com,Female,204.12.239.155
898,Willard,MacArte,wmacarteox@shutterfly.com,Male,110.134.143.209
899,Jennifer,Winch,jwinchoy@friendfeed.com,Female,3.219.112.194
900,Austin,Dodswell,adodswelloz@noaa.gov,Male,205.25.133.104
901,Terry,Clemson,tclemsonp0@noaa.gov,Female,161.15.23.81
902,Trudi,Buttwell,tbuttwellp1@is.gd,Female,6.24.180.178
903,Zuzana,Romagosa,zromagosap2@blogs.com,Female,147.240.251.113
904,Jimmy,Passe,jpassep3@yelp.com,Male,253.48.19.92
905,Daniel,Haugg,dhauggp4@multiply.com,Male,150.2.204.212
906,Kylie,Litchfield,klitchfieldp5@fastcompany.com,Female,167.79.146.160
907,Buiron,Gaze,bgazep6@prnewswire.com,Male,84.248.218.142
908,Noby,Slott,nslottp7@mashable.com,Male,199.122.123.187
909,Darnell,Donner,ddonnerp8@nydailynews.com,Male,213.29.40.181
910,Madelaine,Finder,mfinderp9@woothemes.com,Female,26.16.242.81
911,Pace,Smalman,psmalmanpa@epa.gov,Male,239.208.101.25
912,Karl,Pakeman,kpakemanpb@hao123.com,Male,249.75.196.102
913,Wittie,Myderscough,wmyderscoughpc@exblog.jp,Male,175.38.51.101
914,Ellsworth,Benion,ebenionpd@deviantart.com,Male,51.175.240.90
915,Corbet,Merwede,cmerwedepe@pagesperso-orange.fr,Male,36.32.252.227
916,Karolina,Broadbere,kbroadberepf@time.com,Female,251.26.184.18
917,Clarinda,Hospital,chospitalpg@typepad.com,Female,19.72.238.78
918,Urbanus,Waldocke,uwaldockeph@webs.com,Male,139.32.39.177
919,Jacinda,Whittock,jwhittockpi@networksolutions.com,Female,99.170.5.250
920,Derick,Stickels,dstickelspj@about.com,Male,129.217.219.105
921,Gypsy,Heyfield,gheyfieldpk@about.me,Female,227.31.141.42
922,Tanny,Beeton,tbeetonpl@i2i.jp,Male,210.73.65.75
923,Delmer,Le Fleming,dleflemingpm@topsy.com,Male,250.105.164.50
924,Adair,Ollerearnshaw,aollerearnshawpn@epa.gov,Male,36.166.25.123
925,Teodoor,Longmate,tlongmatepo@narod.ru,Male,145.50.30.115
926,Bernelle,Holbury,bholburypp@blogtalkradio.com,Female,104.173.196.225
927,Lona,Northing,lnorthingpq@zimbio.com,Female,15.180.189.167
928,Eb,Mosley,emosleypr@phoca.cz,Male,61.163.222.148
929,Kristofer,Rathjen,krathjenps@homestead.com,Male,7.192.240.79
930,Ethyl,Fosberry,efosberrypt@biblegateway.com,Female,166.2.47.76
931,Katherina,Maggiore,kmaggiorepu@mashable.com,Female,34.183.219.127
932,Daisy,Dooley,ddooleypv@instagram.com,Female,196.41.253.151
933,Adey,McKiddin,amckiddinpw@disqus.com,Female,29.107.129.42
934,Mylo,Collinette,mcollinettepx@comcast.net,Male,243.234.202.136
935,Quint,Sayers,qsayerspy@taobao.com,Male,86.17.21.103
936,Jorry,Tocknell,jtocknellpz@mapy.cz,Female,41.169.84.17
937,Claudie,Shapcote,cshapcoteq0@nationalgeographic.com,Female,230.242.146.134
938,Zelma,Telezhkin,ztelezhkinq1@printfriendly.com,Female,93.71.14.14
939,Elvina,Crutch,ecrutchq2@jimdo.com,Female,24.82.216.249
940,Maddie,Kernock,mkernockq3@geocities.com,Female,117.60.87.97
941,Puff,Glozman,pglozmanq4@businessweek.com,Male,139.53.166.187
942,Dex,Orrell,dorrellq5@weather.com,Male,133.21.108.32
943,Arnoldo,MacKaile,amackaileq6@gmpg.org,Male,104.121.183.249
944,Marley,Dobeson,mdobesonq7@over-blog.com,Female,223.11.242.254
945,Dana,Crosi,dcrosiq8@ucoz.ru,Female,229.72.236.103
946,Howey,Crecy,hcrecyq9@studiopress.com,Male,129.180.28.145
947,Merna,Colledge,mcolledgeqa@trellian.com,Female,124.137.73.212
948,Tamiko,Peachey,tpeacheyqb@jugem.jp,Female,234.184.102.48
949,Tory,Matzke,tmatzkeqc@wix.com,Female,209.97.234.144
950,Dene,McBain,dmcbainqd@foxnews.com,Male,178.25.104.45
951,Pietro,Farland,pfarlandqe@php.net,Male,246.241.234.62
952,Celesta,Armiger,carmigerqf@alibaba.com,Female,92.211.7.212
953,Boone,Hukin,bhukinqg@techcrunch.com,Male,160.120.223.220
954,Doll,Swabey,dswabeyqh@illinois.edu,Female,27.225.4.186
955,Layla,Sabater,lsabaterqi@facebook.com,Female,170.206.238.114
956,Ricki,Deane,rdeaneqj@blogspot.com,Male,218.213.175.230
957,Gertrud,Prys,gprysqk@cbsnews.com,Female,64.28.80.34
958,Tan,Maplethorpe,tmaplethorpeql@eventbrite.com,Male,10.104.220.178
959,Rubie,Regglar,rregglarqm@hibu.com,Female,60.219.113.85
960,Janice,Tinkham,jtinkhamqn@senate.gov,Female,214.11.62.147
961,Silvio,Paten,spatenqo@hp.com,Male,67.219.122.9
962,Brinna,Gillings,bgillingsqp@paginegialle.it,Female,99.110.106.129
963,Maggee,Greste,mgresteqq@engadget.com,Female,34.173.176.41
964,Fielding,Crighton,fcrightonqr@archive.org,Male,183.152.103.217
965,Ellary,Alwin,ealwinqs@eepurl.com,Male,58.236.106.226
966,Esteban,Burles,eburlesqt@umich.edu,Male,167.89.2.53
967,Dugald,Hall-Gough,dhallgoughqu@tinyurl.com,Male,158.229.110.51
968,Dukey,Betancourt,dbetancourtqv@jimdo.com,Male,112.108.195.183
969,Lanie,McShirie,lmcshirieqw@dailymotion.com,Male,232.80.208.171
970,Neile,Somerton,nsomertonqx@paypal.com,Female,200.131.0.181
971,Donielle,Ladds,dladdsqy@youku.com,Female,120.191.141.114
972,Truman,Ponten,tpontenqz@nymag.com,Male,235.50.35.16
973,Sallyann,Wyborn,swybornr0@springer.com,Female,131.82.178.192
974,Sandy,Spurge,sspurger1@sfgate.com,Male,39.64.64.140
975,Cobbie,Disbrow,cdisbrowr2@weather.com,Male,103.232.233.203
976,Vladamir,Blundan,vblundanr3@cnn.com,Male,234.63.55.142
977,Nelli,De Vuyst,ndevuystr4@theatlantic.com,Female,112.170.77.77
978,Merralee,Ayrs,mayrsr5@nature.com,Female,206.208.205.38
979,Elijah,Tilbrook,etilbrookr6@comsenz.com,Male,47.105.74.146
980,Mallory,Dainty,mdaintyr7@de.vu,Male,231.154.221.146
981,Farris,Gobbett,fgobbettr8@360.cn,Male,11.108.228.107
982,Norri,Rosenfeld,nrosenfeldr9@cafepress.com,Female,87.140.14.188
983,Claresta,Baignard,cbaignardra@dmoz.org,Female,199.191.178.168
984,Starr,Mundow,smundowrb@ifeng.com,Female,60.231.85.94
985,Genvieve,Huxley,ghuxleyrc@statcounter.com,Female,44.142.99.253
986,Kaleb,Broadberrie,kbroadberrierd@linkedin.com,Male,89.36.183.162
987,Jacynth,Coales,jcoalesre@theguardian.com,Female,55.231.216.54
988,Estella,Tottie,etottierf@kickstarter.com,Female,98.134.56.109
989,Gabriell,Minty,gmintyrg@jimdo.com,Female,210.177.29.215
990,Cordell,Crummy,ccrummyrh@histats.com,Male,74.207.28.239
991,Carena,De Lisle,cdelisleri@behance.net,Female,48.5.151.196
992,Lorrie,Kirkebye,lkirkebyerj@google.com.au,Male,61.255.219.148
993,Sibilla,Grishkov,sgrishkovrk@joomla.org,Female,88.70.125.195
994,Otha,Blumire,oblumirerl@wikispaces.com,Female,211.81.112.149
995,Janella,Kobpac,jkobpacrm@linkedin.com,Female,214.22.37.231
996,Burch,Jozef,bjozefrn@sogou.com,Male,95.97.71.0
997,Jasun,Arlott,jarlottro@people.com.cn,Male,255.43.238.104
998,Lin,Petkovic,lpetkovicrp@army.mil,Male,99.164.46.255
999,Wes,Vidgeon,wvidgeonrq@purevolume.com,Male,111.39.8.63
1000,Linea,Carnie,lcarnierr@wisc.edu,Female,236.102.214.143
